{
	"format_version": "1.8.0",
	"animations": {
		"idle": {
			"loop": true,
			"animation_length": 3.0833,
			"bones": {
				"Head": {
					"rotation": {
						"0.0": [-3.40569, 19.87119, -2.65585],
						"1.875": [-8.40569, 19.87119, -2.65585],
						"3.0": [-3.40569, 19.87119, -2.65585]
					}
				},
				"RightArm": {
					"rotation": {
						"0.0": [0, 27.5, 5],
						"1.5": [-2.38282, 27.8222, 10.63396],
						"3.0": [0, 27.5, 5]
					}
				},
				"LeftArm": {
					"rotation": {
						"0.0": [-0.57845, 3.58032, -5.69734],
						"1.5": [-8.38866, 3.51626, -10.70654],
						"3.0": [-0.57845, 3.58032, -5.69734]
					}
				},
				"RightLeg": {
					"rotation": {
						"0.0": [0, 10, 0],
						"3.0": [0, 10, 0]
					},
					"position": {
						"0.0": [0, 1, -1],
						"1.5": [0, 1.5, -1.6],
						"3.0": [0, 1, -1]
					}
				},
				"LeftLeg": {
					"rotation": {
						"0.0": [0, -17.5, 0],
						"3.0": [0, -17.5, 0]
					},
					"position": {
						"0.0": [1, 1, -2],
						"1.5": [1, 1.3, -2.3],
						"3.0": [1, 1, -2]
					}
				},
				"bone": {
					"rotation": {
						"0.0": [7.5, -17.5, 0],
						"1.5": [10, -17.5, 0],
						"3.0": [7.5, -17.5, 0]
					},
					"position": {
						"0.0": [0, -1, 0],
						"1.5": [0, -1.3, 0],
						"3.0": [0, -1, 0]
					}
				}
			}
		},
		"walk": {
			"loop": true,
			"animation_length": 1,
			"bones": {
				"Head": {
					"rotation": {
						"0.0": [5.04292, 7.4713, 0.6574],
						"0.5": [5.019, -4.98093, -0.43688],
						"1.0": [5.04292, 7.4713, 0.6574]
					}
				},
				"RightArm": {
					"rotation": {
						"0.0": [11.89031, 33.16347, 21.05215],
						"0.5": [6.93255, 34.39275, 12.14787],
						"1.0": [11.89031, 33.16347, 21.05215]
					}
				},
				"LeftArm": {
					"rotation": {
						"0.0": [-35, 0, 0],
						"0.5": [19.80298, -5.63467, -2.43629],
						"1.0": [-35, 0, 0]
					}
				},
				"RightLeg": {
					"rotation": {
						"0.0": [-30, 0, 0],
						"0.5": [22.5, 0, 0],
						"1.0": [-30, 0, 0]
					},
					"position": {
						"0.0": [0, 0, 0],
						"0.5": [0, 0, 0],
						"0.75": [0, 1, -2],
						"1.0": [0, 0, 0]
					}
				},
				"LeftLeg": {
					"rotation": {
						"0.0": [22.5, 0, 0],
						"0.5": [-32.5, 0, 0],
						"1.0": [22.5, 0, 0]
					},
					"position": {
						"0.0": [0, 0, 0],
						"0.25": [0, 1, -2],
						"0.5": [0, 0, 0],
						"1.0": [0, 0, 0]
					}
				},
				"bone": {
					"rotation": {
						"0.0": [10.03742, -4.92385, -0.87038],
						"0.5": [10.03742, 4.92385, 0.87038],
						"1.0": [10.03742, -4.92385, -0.87038]
					}
				}
			}
		},
		"run": {
			"loop": true,
			"animation_length": 0.5,
			"bones": {
				"Head": {
					"rotation": {
						"0.0": [-22.5, 0, 0],
						"0.125": [-17.5, 0, 0],
						"0.25": [-22.5, 0, 0],
						"0.375": [-17.5, 0, 0],
						"0.5": [-22.5, 0, 0]
					}
				},
				"RightArm": {
					"rotation": {
						"0.0": [-182.3779, 4.02163, -32.59647],
						"0.25": [-189.8779, 4.02163, -32.59647],
						"0.5": [-182.3779, 4.02163, -32.59647]
					}
				},
				"LeftArm": {
					"rotation": {
						"0.0": [-49.56754, -7.64427, -6.46635],
						"0.25": [22.93246, -7.64427, -6.46635],
						"0.5": [-49.56754, -7.64427, -6.46635]
					}
				},
				"RightLeg": {
					"rotation": {
						"0.0": [-52.5, 0, 0],
						"0.25": [30, 0, 0],
						"0.5": [-52.5, 0, 0]
					},
					"position": {
						"0.0": [0, 0, 0],
						"0.25": [0, 0, 0],
						"0.375": [0, 3, -3],
						"0.5": [0, 0, 0]
					}
				},
				"LeftLeg": {
					"rotation": {
						"0.0": [40, 0, 0],
						"0.25": [-55, 0, 0],
						"0.5": [40, 0, 0]
					},
					"position": {
						"0.0": [0, 0, 0],
						"0.125": [0, 2, -2],
						"0.25": [0, 0, 0]
					}
				},
				"bone": {
					"rotation": [25, 0, 0],
					"position": {
						"0.0": [0, -1, 0],
						"0.125": [0, 0, 0],
						"0.25": [0, -1, 0],
						"0.375": [0, 0, 0],
						"0.5": [0, -1, 0]
					}
				}
			}
		},
		"attack": {
			"animation_length": 0.5,
			"bones": {
				"Head": {
					"rotation": {
						"0.0": [24.38297, -28.03877, -4.88602],
						"0.25": [-23.40138, 44.11561, -21.44704],
						"0.5": [-10.90138, 44.11561, -21.44704]
					}
				},
				"RightArm": {
					"rotation": {
						"0.0": [-166.42125, 11.14485, -38.66901],
						"0.25": [-41.42125, 11.14485, -38.66901],
						"0.5": [-31.42125, 11.14485, -38.66901]
					}
				},
				"LeftArm": {
					"rotation": {
						"0.0": [-29.49826, -24.28484, -36.01619],
						"0.25": [33.00174, -24.28484, -36.01619]
					}
				},
				"RightLeg": {
					"rotation": {
						"0.0": [-22.5, 0, 0],
						"0.25": [-40, 0, 0]
					}
				},
				"LeftLeg": {
					"rotation": {
						"0.0": [27.5, 0, 0],
						"0.25": [-12.5, 0, 0]
					}
				},
				"bone": {
					"rotation": {
						"0.0": [-16.4031, 28.45216, -5.73854],
						"0.25": [36.31416, -33.23147, 4.79687],
						"0.5": [27.35259, -46.44663, -5.06244]
					}
				}
			}
		},
		"amputatehit": {
			"animation_length": 3,
			"bones": {
				"body": {
					"rotation": {
						"0.0": {
							"vector": [-20, 0, 0]
						},
						"0.0417": {
							"vector": [27.5, 0, 0]
						},
						"0.1667": {
							"vector": [17.5, 0, 0]
						},
						"0.3333": {
							"vector": [-10, 0, 0]
						},
						"0.5417": {
							"vector": [-5, 0, 0]
						},
						"0.7083": {
							"vector": [0, 0, 0]
						},
						"0.875": {
							"vector": [7.5, 0, 0]
						},
						"3.0": {
							"vector": [0.40603, 0.56962, 2.33322]
						}
					},
					"position": {
						"0.0": {
							"vector": [0, 0, -2]
						},
						"0.0417": {
							"vector": [0, 4, 0]
						},
						"0.1667": {
							"vector": [0, 5, 5]
						},
						"0.3333": {
							"vector": [0, 2, 8]
						},
						"0.5417": {
							"vector": [0, 0, 8]
						},
						"0.7083": {
							"vector": [0, -1, 6]
						},
						"0.875": {
							"vector": [0, 1, 4]
						},
						"1.5833": {
							"vector": [0, 2.66, 3.34]
						},
						"3.0": {
							"vector": [0, 3, 2]
						}
					}
				},
				"head": {
					"rotation": {
						"0.0": {
							"vector": [-17.5, 0, 0]
						},
						"0.0417": {
							"vector": [37.5, 0, 0]
						},
						"0.25": {
							"vector": [2.5, 0, 0]
						},
						"0.375": {
							"vector": [-25, 0, 0]
						},
						"0.5417": {
							"vector": [-12.5, 0, 0]
						},
						"0.7917": {
							"vector": [10, 0, 0]
						},
						"1.0": {
							"vector": [30, 0, 0]
						},
						"1.2083": {
							"vector": [17.5, 0, 0]
						},
						"1.375": {
							"vector": [40.01852, -44.68059, -18.16791]
						},
						"1.5833": {
							"vector": [45.01852, -44.68059, -18.16791]
						},
						"1.7917": {
							"vector": [49.52997, 40.19719, 18.17648]
						},
						"2.0": {
							"vector": [53.01574, 43.32791, 23.40603]
						},
						"2.2917": {
							"vector": [21.73499, 22.56087, 10.01011]
						},
						"2.5": {
							"vector": [14.9559, 2.76997, 4.99106]
						},
						"3.0": {
							"vector": [-12.5441, 2.76997, 4.99106]
						}
					},
					"position": {
						"0.0": {
							"vector": [0, 0, 0]
						},
						"0.25": {
							"vector": [0, 3, 0]
						},
						"0.375": {
							"vector": [0, 3, 2]
						},
						"0.5417": {
							"vector": [0, 2, 2]
						},
						"0.75": {
							"vector": [0, 2, 0]
						},
						"1.0833": {
							"vector": [0, 3, 0]
						},
						"1.25": {
							"vector": [0, 3, -1]
						}
					}
				},
				"right_arm": {
					"rotation": {
						"0.0": {
							"vector": [42.62647, -23.33702, 23.28697]
						},
						"0.0417": {
							"vector": [-92.18496, 4.14209, 22.18837]
						},
						"0.375": {
							"vector": [-94.11837, 55.91519, 18.90794]
						},
						"0.5833": {
							"vector": [-100.97828, 76.63341, 11.59892]
						},
						"0.9583": {
							"vector": [-266.31189, -46.81021, -160.40395]
						},
						"1.1667": {
							"vector": [-93.60595, -45.57376, -335.13638]
						},
						"1.5": {
							"vector": [-92.66822, 1.66316, -337.72577]
						},
						"1.875": {
							"vector": [-93.84793, 41.15465, -340.2396]
						},